MUNICIPALITY_ID,MUNICIPALITY,PROVINCE,PROVINCE_ID
1294,Bangued,Abra,1
1295,Boliney,Abra,1
1296,Bucay,Abra,1
1297,Bucloc,Abra,1
1298,Daguioman,Abra,1
1299,Danglas,Abra,1
1300,Dolores,Abra,1
1302,Lacub,Abra,1
1303,Lagangilang,Abra,1
1304,Lagayan,Abra,1
1305,Langiden,Abra,1
1301,La Paz,Abra,1
1306,Licuan-Baay,Abra,1
1307,Luba,Abra,1
1308,Malibcong,Abra,1
1309,Manabo,Abra,1
1310,Peńarrubia,Abra,1
1311,Pidigan,Abra,1
1312,Pilar,Abra,1
1313,Sallapadan,Abra,1
1314,San Isidro,Abra,1
1315,San Juan,Abra,1
1316,San Quintin,Abra,1
1317,Tayum,Abra,1
1318,Tineg,Abra,1
1319,Tubo,Abra,1
1320,Villaviciosa,Abra,1
1364,Calanasan,Apayao,2
1365,Conner,Apayao,2
1366,Flora,Apayao,2
1367,Kabugao,Apayao,2
1368,Luna,Apayao,2
1369,Pudtol,Apayao,2
1370,Santa Marcela,Apayao,2
1321,Atok,Benguet,3
1322,Baguio City,Benguet,3
1323,Bakun,Benguet,3
1324,Bokod,Benguet,3
1325,Buguias,Benguet,3
1326,Itogon,Benguet,3
1327,Kabayan,Benguet,3
1328,Kapangan,Benguet,3
1329,Kibungan,Benguet,3
1330,La Trinidad,Benguet,3
1331,Mankayan,Benguet,3
1332,Sablan,Benguet,3
1333,Tuba,Benguet,3
1334,Tublay,Benguet,3
1342,Aguinaldo,Ifugao,4
1341,Alfonso Lista,Ifugao,4
1345,Asipulo,Ifugao,4
1335,Banaue,Ifugao,4
1343,Hingyon,Ifugao,4
1336,Hungduan,Ifugao,4
1337,Kiangan,Ifugao,4
1338,Lagawe,Ifugao,4
1339,Lamut,Ifugao,4
1340,Mayoyao,Ifugao,4
1344,Tinoc,Ifugao,4
1346,Balbalan,Kalinga,5
1347,Lubuagan,Kalinga,5
1348,Pasil,Kalinga,5
1349,Pinukpuk,Kalinga,5
1350,Rizal,Kalinga,5
1351,Tabuk City,Kalinga,5
1352,Tanudan,Kalinga,5
1353,Tinglayan,Kalinga,5
1354,Barlig,Mountain Province,6
1355,Bauko,Mountain Province,6
1356,Besao,Mountain Province,6
1357,Bontoc,Mountain Province,6
1358,Natonin,Mountain Province,6
1359,Paracelis,Mountain Province,6
1360,Sabangan,Mountain Province,6
1361,Sadanga,Mountain Province,6
1362,Sagada,Mountain Province,6
1363,Tadian,Mountain Province,6
1,Adams,Ilocos Norte,7
2,Bacarra,Ilocos Norte,7
3,Badoc,Ilocos Norte,7
4,Bangui,Ilocos Norte,7
11,Banna,Ilocos Norte,7
5,Batac City,Ilocos Norte,7
6,Burgos,Ilocos Norte,7
7,Carasi,Ilocos Norte,7
8,Currimao,Ilocos Norte,7
9,Dingras,Ilocos Norte,7
10,Dumalneg,Ilocos Norte,7
12,Laoag City,Ilocos Norte,7
13,Marcos,Ilocos Norte,7
14,Nueva Era,Ilocos Norte,7
15,Pagudpud,Ilocos Norte,7
16,Paoay,Ilocos Norte,7
17,Pasuquin,Ilocos Norte,7
18,Piddig,Ilocos Norte,7
19,Pinili,Ilocos Norte,7
20,San Nicolas,Ilocos Norte,7
21,Sarrat,Ilocos Norte,7
22,Solsona,Ilocos Norte,7
23,Vintar,Ilocos Norte,7
24,Alilem,Ilocos Sur,8
25,Banayoyo,Ilocos Sur,8
26,Bantay,Ilocos Sur,8
27,Burgos,Ilocos Sur,8
28,Cabugao,Ilocos Sur,8
29,Candon City,Ilocos Sur,8
30,Caoayan,Ilocos Sur,8
31,Cervantes,Ilocos Sur,8
32,Galimuyod,Ilocos Sur,8
33,Gregorio Del Pilar,Ilocos Sur,8
34,Lidlidda,Ilocos Sur,8
35,Magsingal,Ilocos Sur,8
36,Nagbukel,Ilocos Sur,8
37,Narvacan,Ilocos Sur,8
38,Quirino,Ilocos Sur,8
39,Salcedo (Baugen),Ilocos Sur,8
40,San Emilio,Ilocos Sur,8
41,San Esteban,Ilocos Sur,8
42,San Ildefonso,Ilocos Sur,8
43,San Juan,Ilocos Sur,8
45,Santa,Ilocos Sur,8
46,Santa Catalina,Ilocos Sur,8
47,Santa Cruz,Ilocos Sur,8
48,Santa Lucia,Ilocos Sur,8
49,Santa Maria,Ilocos Sur,8
50,Santiago,Ilocos Sur,8
51,Santo Domingo,Ilocos Sur,8
44,San Vicente,Ilocos Sur,8
52,Sigay,Ilocos Sur,8
53,Sinait,Ilocos Sur,8
54,Sugpon,Ilocos Sur,8
55,Suyo,Ilocos Sur,8
56,Tagudin,Ilocos Sur,8
57,Vigan City,Ilocos Sur,8
58,Agoo,La Union,9
59,Aringay,La Union,9
60,Bacnotan,La Union,9
61,Bagulin,La Union,9
62,Balaoan,La Union,9
63,Bangar,La Union,9
64,Bauang,La Union,9
65,Burgos,La Union,9
66,Caba,La Union,9
67,Luna,La Union,9
68,Naguilian,La Union,9
69,Pugo,La Union,9
70,Rosario,La Union,9
71,San Fernando City,La Union,9
72,San Gabriel,La Union,9
73,San Juan,La Union,9
75,Santol,La Union,9
74,Santo Tomas,La Union,9
76,Sudipen,La Union,9
77,Tubao,La Union,9
78,Agno,Pangasinan,10
79,Aguilar,Pangasinan,10
80,Alaminos City,Pangasinan,10
81,Alcala,Pangasinan,10
82,Anda,Pangasinan,10
83,Asingan,Pangasinan,10
84,Balungao,Pangasinan,10
85,Bani,Pangasinan,10
86,Basista,Pangasinan,10
87,Bautista,Pangasinan,10
88,Bayambang,Pangasinan,10
89,Binalonan,Pangasinan,10
90,Binmaley,Pangasinan,10
91,Bolinao,Pangasinan,10
92,Bugallon,Pangasinan,10
93,Burgos,Pangasinan,10
94,Calasiao,Pangasinan,10
95,Dagupan City,Pangasinan,10
96,Dasol,Pangasinan,10
97,Infanta,Pangasinan,10
98,Labrador,Pangasinan,10
125,Laoac,Pangasinan,10
99,Lingayen,Pangasinan,10
100,Mabini,Pangasinan,10
101,Malasiqui,Pangasinan,10
102,Manaoag,Pangasinan,10
103,Mangaldan,Pangasinan,10
104,Mangatarem,Pangasinan,10
105,Mapandan,Pangasinan,10
106,Natividad,Pangasinan,10
107,Pozorrubio,Pangasinan,10
108,Rosales,Pangasinan,10
109,San Carlos City,Pangasinan,10
110,San Fabian,Pangasinan,10
111,San Jacinto,Pangasinan,10
112,San Manuel,Pangasinan,10
113,San Nicolas,Pangasinan,10
114,San Quintin,Pangasinan,10
115,Santa Barbara,Pangasinan,10
116,Santa Maria,Pangasinan,10
117,Santo Tomas,Pangasinan,10
118,Sison,Pangasinan,10
119,Sual,Pangasinan,10
120,Tayug,Pangasinan,10
121,Umingan,Pangasinan,10
122,Urbiztondo,Pangasinan,10
123,Urdaneta City,Pangasinan,10
124,Villasis,Pangasinan,10
126,Basco,Batanes,11
127,Itbayat,Batanes,11
128,Ivana,Batanes,11
129,Mahatao,Batanes,11
130,Sabtang,Batanes,11
131,Uyugan,Batanes,11
132,Abulug,Cagayan,12
133,Alcala,Cagayan,12
134,Allacapan,Cagayan,12
135,Amulung,Cagayan,12
136,Aparri,Cagayan,12
137,Baggao,Cagayan,12
138,Ballesteros,Cagayan,12
139,Buguey,Cagayan,12
140,Calayan,Cagayan,12
141,Camalaniugan,Cagayan,12
142,Claveria,Cagayan,12
143,Enrile,Cagayan,12
144,Gattaran,Cagayan,12
145,Gonzaga,Cagayan,12
146,Iguig,Cagayan,12
147,Lal-Lo,Cagayan,12
148,Lasam,Cagayan,12
149,Pamplona,Cagayan,12
150,Peńablanca,Cagayan,12
151,Piat,Cagayan,12
152,Rizal,Cagayan,12
153,Sanchez-Mira,Cagayan,12
154,Santa Ana,Cagayan,12
155,Santa Praxedes,Cagayan,12
156,Santa Teresita,Cagayan,12
157,Santo Nińo,Cagayan,12
158,Solana,Cagayan,12
159,Tuao,Cagayan,12
160,Tuguegarao City,Cagayan,12
161,Alicia,Isabela,13
162,Angadanan,Isabela,13
163,Aurora,Isabela,13
164,Benito Soliven,Isabela,13
165,Burgos,Isabela,13
166,Cabagan,Isabela,13
167,Cabatuan,Isabela,13
168,Cauayan City,Isabela,13
169,Cordon,Isabela,13
178,Delfin Albano,Isabela,13
170,Dinapigue,Isabela,13
171,Divilacan,Isabela,13
172,Echague,Isabela,13
173,Gamu,Isabela,13
174,Ilagan,Isabela,13
175,Jones,Isabela,13
176,Luna,Isabela,13
177,Maconacon,Isabela,13
179,Mallig,Isabela,13
180,Naguilian,Isabela,13
181,Palanan,Isabela,13
182,Quezon,Isabela,13
183,Quirino,Isabela,13
184,Ramon,Isabela,13
185,Reina Mercedes,Isabela,13
186,Roxas,Isabela,13
187,San Agustin,Isabela,13
188,San Guillermo,Isabela,13
189,San Isidro,Isabela,13
190,San Manuel,Isabela,13
191,San Mariano,Isabela,13
192,San Mateo,Isabela,13
193,San Pablo,Isabela,13
194,Santa Maria,Isabela,13
195,Santiago City,Isabela,13
196,Santo Tomas,Isabela,13
197,Tumauini,Isabela,13
212,Alfonso Castaneda,Nueva Vizcaya,14
198,Ambaguio,Nueva Vizcaya,14
199,Aritao,Nueva Vizcaya,14
200,Bagabag,Nueva Vizcaya,14
201,Bambang,Nueva Vizcaya,14
202,Bayombong,Nueva Vizcaya,14
203,Diadi,Nueva Vizcaya,14
204,Dupax Del Norte,Nueva Vizcaya,14
205,Dupax Del Sur,Nueva Vizcaya,14
206,Kasibu,Nueva Vizcaya,14
207,Kayapa,Nueva Vizcaya,14
208,Quezon,Nueva Vizcaya,14
209,Santa Fe,Nueva Vizcaya,14
210,Solano,Nueva Vizcaya,14
211,Villaverde,Nueva Vizcaya,14
213,Aglipay,Quirino,15
214,Cabarroguis,Quirino,15
215,Diffun,Quirino,15
216,Maddela,Quirino,15
218,Nagtipunan,Quirino,15
217,Saguday,Quirino,15
341,Baler,Aurora,16
342,Casiguran,Aurora,16
343,Dilasag,Aurora,16
344,Dinalungan,Aurora,16
345,Dingalan,Aurora,16
346,Dipaculao,Aurora,16
347,Maria Aurora,Aurora,16
348,San Luis,Aurora,16
219,Abucay,Bataan,17
220,Bagac,Bataan,17
221,Balanga City,Bataan,17
222,Dinalupihan,Bataan,17
223,Hermosa,Bataan,17
224,Limay,Bataan,17
225,Mariveles,Bataan,17
226,Morong,Bataan,17
227,Orani,Bataan,17
228,Orion,Bataan,17
229,Pilar,Bataan,17
230,Samal,Bataan,17
231,Angat,Bulacan,18
232,Balagtas,Bulacan,18
233,Baliuag,Bulacan,18
234,Bocaue,Bulacan,18
235,Bulacan,Bulacan,18
236,Bustos,Bulacan,18
237,Calumpit,Bulacan,18
254,Dońa Remedios Trinidad,Bulacan,18
238,Guiguinto,Bulacan,18
239,Hagonoy,Bulacan,18
240,Malolos City,Bulacan,18
241,Marilao,Bulacan,18
242,Meycauayan City,Bulacan,18
243,Norzagaray,Bulacan,18
244,Obando,Bulacan,18
245,Pandi,Bulacan,18
246,Paombong,Bulacan,18
247,Plaridel,Bulacan,18
248,Pulilan,Bulacan,18
249,San Ildefonso,Bulacan,18
250,San Jose del Monte City,Bulacan,18
251,San Miguel,Bulacan,18
252,San Rafael,Bulacan,18
253,Santa Maria,Bulacan,18
255,Aliaga,Nueva Ecija,19
256,Bongabon,Nueva Ecija,19
257,Cabanatuan City,Nueva Ecija,19
258,Cabiao,Nueva Ecija,19
259,Carranglan,Nueva Ecija,19
260,Cuyapo,Nueva Ecija,19
261,Gabaldon,Nueva Ecija,19
262,Gapan City,Nueva Ecija,19
263,General Mamerto Natividad,Nueva Ecija,19
264,General Tinio,Nueva Ecija,19
265,Guimba,Nueva Ecija,19
266,Jaen,Nueva Ecija,19
267,Laur,Nueva Ecija,19
268,Licab,Nueva Ecija,19
269,Llanera,Nueva Ecija,19
270,Lupao,Nueva Ecija,19
271,Muńoz City,Nueva Ecija,19
272,Nampicuan,Nueva Ecija,19
273,Palayan City,Nueva Ecija,19
274,Pantabangan,Nueva Ecija,19
275,Peńaranda,Nueva Ecija,19
276,Quezon,Nueva Ecija,19
277,Rizal,Nueva Ecija,19
278,San Antonio,Nueva Ecija,19
279,San Isidro,Nueva Ecija,19
280,San Jose City,Nueva Ecija,19
281,San Leonardo,Nueva Ecija,19
282,Santa Rosa,Nueva Ecija,19
283,Santo Domingo,Nueva Ecija,19
284,Talavera,Nueva Ecija,19
285,Talugtug,Nueva Ecija,19
286,Zaragoza,Nueva Ecija,19
287,Angeles City,Pampanga,20
288,Apalit,Pampanga,20
289,Arayat,Pampanga,20
290,Bacolor,Pampanga,20
291,Candaba,Pampanga,20
292,Floridablanca,Pampanga,20
293,Guagua,Pampanga,20
294,Lubao,Pampanga,20
295,Mabalacat,Pampanga,20
296,Macabebe,Pampanga,20
297,Magalang,Pampanga,20
298,Masantol,Pampanga,20
299,Mexico,Pampanga,20
300,Minalin,Pampanga,20
301,Porac,Pampanga,20
302,San Fernando City,Pampanga,20
303,San Luis,Pampanga,20
304,San Simon,Pampanga,20
305,Santa Ana,Pampanga,20
306,Santa Rita,Pampanga,20
307,Santo Tomas,Pampanga,20
308,Sasmuan (Sexmoan),Pampanga,20
309,Anao,Tarlac,21
310,Bamban,Tarlac,21
311,Camiling,Tarlac,21
312,Capas,Tarlac,21
313,Concepcion,Tarlac,21
314,Gerona,Tarlac,21
315,La Paz,Tarlac,21
316,Mayantoc,Tarlac,21
317,Moncada,Tarlac,21
318,Paniqui,Tarlac,21
319,Pura,Tarlac,21
320,Ramos,Tarlac,21
321,San Clemente,Tarlac,21
326,San Jose,Tarlac,21
322,San Manuel,Tarlac,21
323,Santa Ignacia,Tarlac,21
324,Tarlac City,Tarlac,21
325,Victoria,Tarlac,21
327,Botolan,Zambales,22
328,Cabangan,Zambales,22
329,Candelaria,Zambales,22
330,Castillejos,Zambales,22
331,Iba,Zambales,22
332,Masinloc,Zambales,22
333,Olongapo City,Zambales,22
334,Palauig,Zambales,22
335,San Antonio,Zambales,22
336,San Felipe,Zambales,22
337,San Marcelino,Zambales,22
338,San Narciso,Zambales,22
339,Santa Cruz,Zambales,22
340,Subic,Zambales,22
349,Agoncillo,Batangas,23
350,Alitagtag,Batangas,23
351,Balayan,Batangas,23
352,Balete,Batangas,23
353,Batangas City,Batangas,23
354,Bauan,Batangas,23
355,Calaca,Batangas,23
356,Calatagan,Batangas,23
357,Cuenca,Batangas,23
358,Ibaan,Batangas,23
359,Laurel,Batangas,23
360,Lemery,Batangas,23
361,Lian,Batangas,23
362,Lipa City,Batangas,23
363,Lobo,Batangas,23
364,Mabini,Batangas,23
365,Malvar,Batangas,23
366,Mataas Na Kahoy,Batangas,23
367,Nasugbu,Batangas,23
368,Padre Garcia,Batangas,23
369,Rosario,Batangas,23
370,San Jose,Batangas,23
371,San Juan,Batangas,23
372,San Luis,Batangas,23
373,San Nicolas,Batangas,23
374,San Pascual,Batangas,23
375,Santa Teresita,Batangas,23
376,Santo Tomas,Batangas,23
377,Taal,Batangas,23
378,Talisay,Batangas,23
379,Tanauan City,Batangas,23
380,Taysan,Batangas,23
381,Tingloy,Batangas,23
382,Tuy,Batangas,23
383,Alfonso,Cavite,24
384,Amadeo,Cavite,24
385,Bacoor,Cavite,24
386,Carmona,Cavite,24
387,Cavite City,Cavite,24
388,Dasmarińas,Cavite,24
389,General Emilio Aguinaldo,Cavite,24
405,General Mariano Alvarez,Cavite,24
390,General Trias,Cavite,24
391,Imus,Cavite,24
392,Indang,Cavite,24
393,Kawit,Cavite,24
394,Magallanes,Cavite,24
395,Maragondon,Cavite,24
396,Mendez,Cavite,24
397,Naic,Cavite,24
398,Noveleta,Cavite,24
399,Rosario,Cavite,24
400,Silang,Cavite,24
401,Tagaytay City,Cavite,24
402,Tanza,Cavite,24
403,Ternate,Cavite,24
404,Trece Martires City,Cavite,24
406,Alaminos,Laguna,25
407,Bay,Laguna,25
408,Bińan,Laguna,25
409,Cabuyao,Laguna,25
410,Calamba City,Laguna,25
411,Calauan,Laguna,25
412,Cavinti,Laguna,25
413,Famy,Laguna,25
414,Kalayaan,Laguna,25
415,Liliw,Laguna,25
416,Los Bańos,Laguna,25
417,Luisiana,Laguna,25
418,Lumban,Laguna,25
419,Mabitac,Laguna,25
420,Magdalena,Laguna,25
421,Majayjay,Laguna,25
422,Nagcarlan,Laguna,25
423,Paete,Laguna,25
424,Pagsanjan,Laguna,25
425,Pakil,Laguna,25
426,Pangil,Laguna,25
427,Pila,Laguna,25
428,Rizal,Laguna,25
429,San Pablo City,Laguna,25
430,San Pedro,Laguna,25
431,Santa Cruz,Laguna,25
432,Santa Maria,Laguna,25
433,Santa Rosa City,Laguna,25
434,Siniloan,Laguna,25
435,Victoria,Laguna,25
436,Agdangan,Quezon,26
437,Alabat,Quezon,26
438,Atimonan,Quezon,26
439,Buenavista,Quezon,26
440,Burdeos,Quezon,26
441,Calauag,Quezon,26
442,Candelaria,Quezon,26
443,Catanauan,Quezon,26
444,Dolores,Quezon,26
445,General Luna,Quezon,26
446,General Nakar,Quezon,26
447,Guinayangan,Quezon,26
448,Gumaca,Quezon,26
449,Infanta,Quezon,26
450,Jomalig,Quezon,26
451,Lopez,Quezon,26
452,Lucban,Quezon,26
453,Lucena City,Quezon,26
454,Macalelon,Quezon,26
455,Mauban,Quezon,26
456,Mulanay,Quezon,26
457,Padre Burgos,Quezon,26
458,Pagbilao,Quezon,26
459,Panukulan,Quezon,26
460,Patnanungan,Quezon,26
461,Perez,Quezon,26
462,Pitogo,Quezon,26
463,Plaridel,Quezon,26
464,Polillo,Quezon,26
465,Quezon,Quezon,26
466,Real,Quezon,26
467,Sampaloc,Quezon,26
468,San Andres,Quezon,26
469,San Antonio,Quezon,26
470,San Francisco (Aurora),Quezon,26
471,San Narciso,Quezon,26
472,Sariaya,Quezon,26
473,Tagkawayan,Quezon,26
474,Tayabas City,Quezon,26
475,Tiaong,Quezon,26
476,Unisan,Quezon,26
477,Angono,Rizal,27
478,Antipolo City,Rizal,27
479,Baras,Rizal,27
480,Binangonan,Rizal,27
481,Cainta,Rizal,27
482,Cardona,Rizal,27
483,Jala-Jala,Rizal,27
485,Morong,Rizal,27
486,Pililla,Rizal,27
484,Rodriguez (Montalban),Rizal,27
487,San Mateo,Rizal,27
488,Tanay,Rizal,27
489,Taytay,Rizal,27
490,Teresa,Rizal,27
1562,Boac,Marinduque,28
1563,Buenavista,Marinduque,28
1564,Gasan,Marinduque,28
1565,Mogpog,Marinduque,28
1566,Santa Cruz,Marinduque,28
1567,Torrijos,Marinduque,28
1568,Abra de Ilog,Occidental Mindoro,29
1569,Calintaan,Occidental Mindoro,29
1570,Looc,Occidental Mindoro,29
1571,Lubang,Occidental Mindoro,29
1572,Magsaysay,Occidental Mindoro,29
1573,Mamburao,Occidental Mindoro,29
1574,Paluan,Occidental Mindoro,29
1575,Rizal,Occidental Mindoro,29
1576,Sablayan,Occidental Mindoro,29
1577,San Jose,Occidental Mindoro,29
1578,Santa Cruz,Occidental Mindoro,29
1579,Baco,Oriental Mindoro,30
1580,Bansud,Oriental Mindoro,30
1581,Bongabong,Oriental Mindoro,30
1582,Bulalacao,Oriental Mindoro,30
1583,Calapan City,Oriental Mindoro,30
1584,Gloria,Oriental Mindoro,30
1585,Mansalay,Oriental Mindoro,30
1586,Naujan,Oriental Mindoro,30
1587,Pinamalayan,Oriental Mindoro,30
1588,Pola,Oriental Mindoro,30
1589,Puerto Galera,Oriental Mindoro,30
1590,Roxas,Oriental Mindoro,30
1591,San Teodoro,Oriental Mindoro,30
1592,Socorro,Oriental Mindoro,30
1593,Victoria,Oriental Mindoro,30
1594,Aborlan,Palawan,31
1595,Agutaya,Palawan,31
1596,Araceli,Palawan,31
1597,Balabac,Palawan,31
1598,Bataraza,Palawan,31
1599,Brooke's Point,Palawan,31
1600,Busuanga,Palawan,31
1601,Cagayancillo,Palawan,31
1602,Coron,Palawan,31
1615,Culion,Palawan,31
1603,Cuyo,Palawan,31
1604,Dumaran,Palawan,31
1605,El Nido (Bacuit),Palawan,31
1614,Kalayaan,Palawan,31
1606,Linapacan,Palawan,31
1607,Magsaysay,Palawan,31
1608,Narra,Palawan,31
1609,Puerto Princesa City,Palawan,31
1610,Quezon,Palawan,31
1616,Rizal (Marcos),Palawan,31
1611,Roxas,Palawan,31
1612,San Vicente,Palawan,31
1617,Sofronio Espańola,Palawan,31
1613,Taytay,Palawan,31
1618,Alcantara,Romblon,32
1619,Banton,Romblon,32
1620,Cajidiocan,Romblon,32
1621,Calatrava,Romblon,32
1622,Concepcion,Romblon,32
1623,Corcuera,Romblon,32
1633,Ferrol,Romblon,32
1624,Looc,Romblon,32
1625,Magdiwang,Romblon,32
1626,Odiongan,Romblon,32
1627,Romblon,Romblon,32
1628,San Agustin,Romblon,32
1629,San Andres,Romblon,32
1630,San Fernando,Romblon,32
1631,San Jose,Romblon,32
1632,Santa Fe,Romblon,32
1634,Santa Maria (Imelda),Romblon,32
491,Bacacay,Albay,33
492,Camalig,Albay,33
493,Daraga,Albay,33
494,Guinobatan,Albay,33
495,Jovellar,Albay,33
496,Legazpi City,Albay,33
497,Libon,Albay,33
498,Ligao City,Albay,33
499,Malilipot,Albay,33
500,Malinao,Albay,33
501,Manito,Albay,33
502,Oas,Albay,33
503,Pio Duran,Albay,33
504,Polangui,Albay,33
505,Rapu-Rapu,Albay,33
506,Santo Domingo,Albay,33
507,Tabaco City,Albay,33
508,Tiwi,Albay,33
509,Basud,Camarines Norte,34
510,Capalonga,Camarines Norte,34
511,Daet,Camarines Norte,34
513,Jose Panganiban,Camarines Norte,34
514,Labo,Camarines Norte,34
515,Mercedes,Camarines Norte,34
516,Paracale,Camarines Norte,34
512,San Lorenzo Ruiz,Camarines Norte,34
518,Santa Elena,Camarines Norte,34
517,San Vicente,Camarines Norte,34
519,Talisay,Camarines Norte,34
520,Vinzons,Camarines Norte,34
521,Baao,Camarines Sur,35
522,Balatan,Camarines Sur,35
523,Bato,Camarines Sur,35
524,Bombon,Camarines Sur,35
525,Buhi,Camarines Sur,35
526,Bula,Camarines Sur,35
527,Cabusao,Camarines Sur,35
528,Calabanga,Camarines Sur,35
529,Camaligan,Camarines Sur,35
530,Canaman,Camarines Sur,35
531,Caramoan,Camarines Sur,35
532,Del Gallego,Camarines Sur,35
533,Gainza,Camarines Sur,35
534,Garchitorena,Camarines Sur,35
535,Goa,Camarines Sur,35
536,Iriga City,Camarines Sur,35
537,Lagonoy,Camarines Sur,35
538,Libmanan,Camarines Sur,35
539,Lupi,Camarines Sur,35
540,Magarao,Camarines Sur,35
541,Milaor,Camarines Sur,35
542,Minalabac,Camarines Sur,35
543,Nabua,Camarines Sur,35
544,Naga City,Camarines Sur,35
545,Ocampo,Camarines Sur,35
546,Pamplona,Camarines Sur,35
547,Pasacao,Camarines Sur,35
548,Pili,Camarines Sur,35
549,Presentacion,Camarines Sur,35
550,Ragay,Camarines Sur,35
551,Sagńay,Camarines Sur,35
552,San Fernando,Camarines Sur,35
553,San Jose,Camarines Sur,35
554,Sipocot,Camarines Sur,35
555,Siruma,Camarines Sur,35
556,Tigaon,Camarines Sur,35
557,Tinambac,Camarines Sur,35
558,Bagamanoc,Catanduanes,36
559,Baras,Catanduanes,36
560,Bato,Catanduanes,36
561,Caramoran,Catanduanes,36
562,Gigmoto,Catanduanes,36
563,Pandan,Catanduanes,36
564,Panganiban,Catanduanes,36
565,San Andres,Catanduanes,36
566,San Miguel,Catanduanes,36
567,Viga,Catanduanes,36
568,Virac,Catanduanes,36
569,Aroroy,Masbate,37
570,Baleno,Masbate,37
571,Balud,Masbate,37
572,Batuan,Masbate,37
573,Cataingan,Masbate,37
574,Cawayan,Masbate,37
575,Claveria,Masbate,37
576,Dimasalang,Masbate,37
577,Esperanza,Masbate,37
578,Mandaon,Masbate,37
579,Masbate City,Masbate,37
580,Milagros,Masbate,37
581,Mobo,Masbate,37
582,Monreal,Masbate,37
583,Palanas,Masbate,37
584,Pio V. Corpuz,Masbate,37
585,Placer,Masbate,37
586,San Fernando,Masbate,37
587,San Jacinto,Masbate,37
588,San Pascual,Masbate,37
589,Uson,Masbate,37
590,Barcelona,Sorsogon,38
591,Bulan,Sorsogon,38
592,Bulusan,Sorsogon,38
593,Casiguran,Sorsogon,38
594,Castilla,Sorsogon,38
595,Donsol,Sorsogon,38
596,Gubat,Sorsogon,38
597,Irosin,Sorsogon,38
598,Juban,Sorsogon,38
599,Magallanes,Sorsogon,38
600,Matnog,Sorsogon,38
601,Pilar,Sorsogon,38
602,Prieto Diaz,Sorsogon,38
603,Santa Magdalena,Sorsogon,38
604,Sorsogon City,Sorsogon,38
605,Altavas,Aklan,39
606,Balete,Aklan,39
607,Banga,Aklan,39
608,Batan,Aklan,39
609,Buruanga,Aklan,39
610,Ibajay,Aklan,39
611,Kalibo,Aklan,39
612,Lezo,Aklan,39
613,Libacao,Aklan,39
614,Madalag,Aklan,39
615,Makato,Aklan,39
616,Malay,Aklan,39
617,Malinao,Aklan,39
618,Nabas,Aklan,39
619,New Washington,Aklan,39
620,Numancia,Aklan,39
621,Tangalan,Aklan,39
622,Anini-Y,Antique,40
623,Barbaza,Antique,40
624,Belison,Antique,40
625,Bugasong,Antique,40
626,Caluya,Antique,40
627,Culasi,Antique,40
629,Hamtic,Antique,40
630,Laua-An,Antique,40
631,Libertad,Antique,40
632,Pandan,Antique,40
633,Patnongon,Antique,40
634,San Jose,Antique,40
635,San Remigio,Antique,40
636,Sebaste,Antique,40
637,Sibalom,Antique,40
638,Tibiao,Antique,40
628,Tobias Fornier,Antique,40
639,Valderrama,Antique,40
640,Cuartero,Capiz,41
641,Dao,Capiz,41
642,Dumalag,Capiz,41
643,Dumarao,Capiz,41
644,Ivisan,Capiz,41
645,Jamindan,Capiz,41
646,Ma-Ayon,Capiz,41
647,Mambusao,Capiz,41
648,Panay,Capiz,41
649,Panitan,Capiz,41
650,Pilar,Capiz,41
651,Pontevedra,Capiz,41
652,President Roxas,Capiz,41
653,Roxas City,Capiz,41
654,Sapi-An,Capiz,41
655,Sigma,Capiz,41
656,Tapaz,Capiz,41
733,Buenavista,Guimaras,42
734,Jordan,Guimaras,42
735,Nueva Valencia,Guimaras,42
736,San Lorenzo,Guimaras,42
737,Sibunag,Guimaras,42
657,Ajuy,Iloilo,43
658,Alimodian,Iloilo,43
659,Anilao,Iloilo,43
660,Badiangan,Iloilo,43
661,Balasan,Iloilo,43
662,Banate,Iloilo,43
663,Barotac Nuevo,Iloilo,43
664,Barotac Viejo,Iloilo,43
665,Batad,Iloilo,43
666,Bingawan,Iloilo,43
667,Cabatuan,Iloilo,43
668,Calinog,Iloilo,43
669,Carles,Iloilo,43
670,Concepcion,Iloilo,43
671,Dingle,Iloilo,43
672,Duenas,Iloilo,43
673,Dumangas,Iloilo,43
674,Estancia,Iloilo,43
675,Guimbal,Iloilo,43
676,Igbaras,Iloilo,43
677,Iloilo City,Iloilo,43
678,Janiuay,Iloilo,43
679,Lambunao,Iloilo,43
680,Leganes,Iloilo,43
681,Lemery,Iloilo,43
682,Leon,Iloilo,43
683,Maasin,Iloilo,43
684,Miagao,Iloilo,43
685,Mina,Iloilo,43
686,New Lucena,Iloilo,43
687,Oton,Iloilo,43
688,Passi City,Iloilo,43
689,Pavia,Iloilo,43
690,Pototan,Iloilo,43
691,San Dionisio,Iloilo,43
692,San Enrique,Iloilo,43
693,San Joaquin,Iloilo,43
694,San Miguel,Iloilo,43
695,San Rafael,Iloilo,43
696,Santa Barbara,Iloilo,43
697,Sara,Iloilo,43
698,Tigbauan,Iloilo,43
699,Tubungan,Iloilo,43
700,Zarraga,Iloilo,43
701,Bacolod City,Negros Occidental,44
702,Bago City,Negros Occidental,44
703,Binalbagan,Negros Occidental,44
704,Cadiz City,Negros Occidental,44
705,Calatrava,Negros Occidental,44
706,Candoni,Negros Occidental,44
707,Cauayan,Negros Occidental,44
708,Enrique B. Magalona,Negros Occidental,44
709,Escalante City,Negros Occidental,44
710,Himamaylan City,Negros Occidental,44
711,Hinigaran,Negros Occidental,44
712,Hinoba-An,Negros Occidental,44
713,Ilog,Negros Occidental,44
714,Isabela,Negros Occidental,44
715,Kabankalan City,Negros Occidental,44
716,La Carlota City,Negros Occidental,44
717,La Castellana,Negros Occidental,44
718,Manapla,Negros Occidental,44
719,Moises Padilla,Negros Occidental,44
720,Murcia,Negros Occidental,44
721,Pontevedra,Negros Occidental,44
722,Pulupandan,Negros Occidental,44
723,Sagay City,Negros Occidental,44
732,Salvador Benedicto,Negros Occidental,44
724,San Carlos City,Negros Occidental,44
725,San Enrique,Negros Occidental,44
726,Silay City,Negros Occidental,44
727,Sipalay City,Negros Occidental,44
728,Talisay City,Negros Occidental,44
729,Toboso,Negros Occidental,44
730,Valladolid,Negros Occidental,44
731,Victorias City,Negros Occidental,44
738,Alburquerque,Bohol,45
739,Alicia,Bohol,45
740,Anda,Bohol,45
741,Antequera,Bohol,45
742,Baclayon,Bohol,45
743,Balilihan,Bohol,45
744,Batuan,Bohol,45
785,Bien Unido,Bohol,45
745,Bilar,Bohol,45
746,Buenavista,Bohol,45
747,Calape,Bohol,45
748,Candijay,Bohol,45
749,Carmen,Bohol,45
750,Catigbian,Bohol,45
751,Clarin,Bohol,45
752,Corella,Bohol,45
753,Cortes,Bohol,45
754,Dagohoy,Bohol,45
755,Danao,Bohol,45
756,Dauis,Bohol,45
757,Dimiao,Bohol,45
758,Duero,Bohol,45
759,Garcia Hernandez,Bohol,45
760,Guindulman,Bohol,45
761,Inabanga,Bohol,45
762,Jagna,Bohol,45
763,Jetafe,Bohol,45
764,Lila,Bohol,45
765,Loay,Bohol,45
766,Loboc,Bohol,45
767,Loon,Bohol,45
768,Mabini,Bohol,45
769,Maribojoc,Bohol,45
770,Panglao,Bohol,45
771,Pilar,Bohol,45
772,Pres. Carlos P. Garcia,Bohol,45
773,Sagbayan,Bohol,45
774,San Isidro,Bohol,45
775,San Miguel,Bohol,45
776,Sevilla,Bohol,45
777,Sierra Bullones,Bohol,45
778,Sikatuna,Bohol,45
779,Tagbilaran City,Bohol,45
780,Talibon,Bohol,45
781,Trinidad,Bohol,45
782,Tubigon,Bohol,45
783,Ubay,Bohol,45
784,Valencia,Bohol,45
786,Alcantara,Cebu,46
787,Alcoy,Cebu,46
788,Alegria,Cebu,46
789,Aloguinsan,Cebu,46
790,Argao,Cebu,46
791,Asturias,Cebu,46
792,Badian,Cebu,46
793,Balamban,Cebu,46
794,Bantayan,Cebu,46
795,Barili,Cebu,46
796,Bogo City,Cebu,46
797,Boljoon,Cebu,46
798,Borbon,Cebu,46
799,Carcar,Cebu,46
800,Carmen,Cebu,46
801,Catmon,Cebu,46
802,Cebu City,Cebu,46
803,Compostela,Cebu,46
804,Consolacion,Cebu,46
805,Cordoba,Cebu,46
806,Daanbantayan,Cebu,46
807,Dalaguete,Cebu,46
808,Danao City,Cebu,46
809,Dumanjug,Cebu,46
810,Ginatilan,Cebu,46
811,Lapu-Lapu City,Cebu,46
812,Liloan,Cebu,46
813,Madridejos,Cebu,46
814,Malabuyoc,Cebu,46
815,Mandaue City,Cebu,46
816,Medellin,Cebu,46
817,Minglanilla,Cebu,46
818,Moalboal,Cebu,46
819,Naga City,Cebu,46
820,Oslob,Cebu,46
821,Pilar,Cebu,46
822,Pinamungahan,Cebu,46
823,Poro,Cebu,46
824,Ronda,Cebu,46
825,Samboan,Cebu,46
826,San Fernando,Cebu,46
827,San Francisco,Cebu,46
828,San Remigio,Cebu,46
829,Santa Fe,Cebu,46
830,Santander,Cebu,46
831,Sibonga,Cebu,46
832,Sogod,Cebu,46
833,Tabogon,Cebu,46
834,Tabuelan,Cebu,46
835,Talisay City,Cebu,46
836,Toledo City,Cebu,46
837,Tuburan,Cebu,46
838,Tudela,Cebu,46
839,Amlan,Negros Oriental,47
840,Ayungon,Negros Oriental,47
841,Bacong,Negros Oriental,47
842,Bais City,Negros Oriental,47
843,Basay,Negros Oriental,47
844,Bayawan City,Negros Oriental,47
845,Bindoy,Negros Oriental,47
846,Canlaon City,Negros Oriental,47
847,Dauin,Negros Oriental,47
848,Dumaguete City,Negros Oriental,47
849,Guihulngan City,Negros Oriental,47
850,Jimalalud,Negros Oriental,47
851,La Libertad,Negros Oriental,47
852,Mabinay,Negros Oriental,47
853,Manjuyod,Negros Oriental,47
854,Pamplona,Negros Oriental,47
855,San Jose,Negros Oriental,47
856,Santa Catalina,Negros Oriental,47
857,Siaton,Negros Oriental,47
858,Sibulan,Negros Oriental,47
859,Tanjay City,Negros Oriental,47
860,Tayasan,Negros Oriental,47
861,Valencia (Luzurriaga),Negros Oriental,47
862,Vallehermoso,Negros Oriental,47
863,Zamboanguita,Negros Oriental,47
864,Enrique Villanueva,Siquijor,48
865,Larena,Siquijor,48
866,Lazi,Siquijor,48
867,Maria,Siquijor,48
868,San Juan,Siquijor,48
869,Siquijor,Siquijor,48
1005,Almeria,Biliran,49
1006,Biliran,Biliran,49
1007,Cabucgayan,Biliran,49
1008,Caibiran,Biliran,49
1009,Culaba,Biliran,49
1010,Kawayan,Biliran,49
1011,Maripipi,Biliran,49
1012,Naval,Biliran,49
870,Arteche,Eastern Samar,50
871,Balangiga,Eastern Samar,50
872,Balangkayan,Eastern Samar,50
873,Borongan City,Eastern Samar,50
874,Can-Avid,Eastern Samar,50
875,Dolores,Eastern Samar,50
876,General Macarthur,Eastern Samar,50
877,Giporlos,Eastern Samar,50
878,Guiuan,Eastern Samar,50
879,Hernani,Eastern Samar,50
880,Jipapad,Eastern Samar,50
881,Lawaan,Eastern Samar,50
882,Llorente,Eastern Samar,50
883,Maslog,Eastern Samar,50
884,Maydolong,Eastern Samar,50
885,Mercedes,Eastern Samar,50
886,Oras,Eastern Samar,50
887,Quinapondan,Eastern Samar,50
888,Salcedo,Eastern Samar,50
889,San Julian,Eastern Samar,50
890,San Policarpo,Eastern Samar,50
891,Sulat,Eastern Samar,50
892,Taft,Eastern Samar,50
893,Abuyog,Leyte,51
894,Alangalang,Leyte,51
895,Albuera,Leyte,51
896,Babatngon,Leyte,51
897,Barugo,Leyte,51
898,Bato,Leyte,51
899,Baybay City,Leyte,51
900,Burauen,Leyte,51
901,Calubian,Leyte,51
902,Capoocan,Leyte,51
903,Carigara,Leyte,51
904,Dagami,Leyte,51
905,Dulag,Leyte,51
906,Hilongos,Leyte,51
907,Hindang,Leyte,51
908,Inopacan,Leyte,51
909,Isabel,Leyte,51
910,Jaro,Leyte,51
911,Javier,Leyte,51
912,Julita,Leyte,51
913,Kananga,Leyte,51
914,La Paz,Leyte,51
915,Leyte,Leyte,51
916,Macarthur,Leyte,51
917,Mahaplag,Leyte,51
918,Matag-Ob,Leyte,51
919,Matalom,Leyte,51
920,Mayorga,Leyte,51
921,Merida,Leyte,51
922,Ormoc City,Leyte,51
923,Palo,Leyte,51
924,Palompon,Leyte,51
925,Pastrana,Leyte,51
926,San Isidro,Leyte,51
927,San Miguel,Leyte,51
928,Santa Fe,Leyte,51
929,Tabango,Leyte,51
930,Tabontabon,Leyte,51
931,Tacloban City,Leyte,51
932,Tanauan,Leyte,51
933,Tolosa,Leyte,51
934,Tunga,Leyte,51
935,Villaba,Leyte,51
936,Allen,Northern Samar,52
937,Biri,Northern Samar,52
938,Bobon,Northern Samar,52
939,Capul,Northern Samar,52
940,Catarman,Northern Samar,52
941,Catubig,Northern Samar,52
942,Gamay,Northern Samar,52
943,Laoang,Northern Samar,52
944,Lapinig,Northern Samar,52
945,Las Navas,Northern Samar,52
946,Lavezares,Northern Samar,52
959,Lope de Vega,Northern Samar,52
947,Mapanas,Northern Samar,52
948,Mondragon,Northern Samar,52
949,Palapag,Northern Samar,52
950,Pambujan,Northern Samar,52
951,Rosario,Northern Samar,52
952,San Antonio,Northern Samar,52
953,San Isidro,Northern Samar,52
954,San Jose,Northern Samar,52
955,San Roque,Northern Samar,52
956,San Vicente,Northern Samar,52
957,Silvino Lobos,Northern Samar,52
958,Victoria,Northern Samar,52
986,Anahawan,Southern Leyte,53
987,Bontoc,Southern Leyte,53
988,Hinunangan,Southern Leyte,53
989,Hinundayan,Southern Leyte,53
990,Libagon,Southern Leyte,53
991,Liloan,Southern Leyte,53
1004,Limasawa,Southern Leyte,53
992,Maasin City,Southern Leyte,53
993,Macrohon,Southern Leyte,53
994,Malitbog,Southern Leyte,53
995,Padre Burgos,Southern Leyte,53
996,Pintuyan,Southern Leyte,53
997,Saint Bernard,Southern Leyte,53
998,San Francisco,Southern Leyte,53
999,San Juan (Cabalian),Southern Leyte,53
1000,San Ricardo,Southern Leyte,53
1001,Silago,Southern Leyte,53
1002,Sogod,Southern Leyte,53
1003,Tomas Oppus,Southern Leyte,53
960,Almagro,Samar,54
961,Basey,Samar,54
962,Calbayog City,Samar,54
963,Calbiga,Samar,54
964,Catbalogan City,Samar,54
965,Daram,Samar,54
966,Gandara,Samar,54
967,Hinabangan,Samar,54
968,Jiabong,Samar,54
969,Marabut,Samar,54
970,Matuguinao,Samar,54
971,Motiong,Samar,54
985,Pagsanghan,Samar,54
981,Paranas (Wright),Samar,54
972,Pinabacdao,Samar,54
984,San Jorge,Samar,54
973,San Jose de Buan,Samar,54
974,San Sebastian,Samar,54
975,Santa Margarita,Samar,54
976,Santa Rita,Samar,54
977,Santo Nińo,Samar,54
983,Tagapul-An,Samar,54
978,Talalora,Samar,54
979,Tarangnan,Samar,54
980,Villareal,Samar,54
982,Zumarraga,Samar,54
1038,Bacungan (Leon T. Postigo),Zamboanga del Norte,55
1036,Baliguian,Zamboanga del Norte,55
1013,Dapitan City,Zamboanga del Norte,55
1014,Dipolog City,Zamboanga del Norte,55
1037,Godod,Zamboanga del Norte,55
1035,Gutalac,Zamboanga del Norte,55
1034,Jose Dalman (Ponot),Zamboanga del Norte,55
1039,Kalawit,Zamboanga del Norte,55
1015,Katipunan,Zamboanga del Norte,55
1017,Labason,Zamboanga del Norte,55
1016,La Libertad,Zamboanga del Norte,55
1018,Liloy,Zamboanga del Norte,55
1019,Manukan,Zamboanga del Norte,55
1020,Mutia,Zamboanga del Norte,55
1021,Pińan (New Pińan),Zamboanga del Norte,55
1022,Polanco,Zamboanga del Norte,55
1023,Pres. Manuel A. Roxas,Zamboanga del Norte,55
1024,Rizal,Zamboanga del Norte,55
1025,Salug,Zamboanga del Norte,55
1026,Sergio Osmena Sr.,Zamboanga del Norte,55
1027,Siayan,Zamboanga del Norte,55
1028,Sibuco,Zamboanga del Norte,55
1029,Sibutad,Zamboanga del Norte,55
1030,Sindangan,Zamboanga del Norte,55
1031,Siocon,Zamboanga del Norte,55
1032,Sirawai,Zamboanga del Norte,55
1033,Tampilisan,Zamboanga del Norte,55
1040,Aurora,Zamboanga del Sur,56
1041,Bayog,Zamboanga del Sur,56
1042,Dimataling,Zamboanga del Sur,56
1043,Dinas,Zamboanga del Sur,56
1044,Dumalinao,Zamboanga del Sur,56
1045,Dumingag,Zamboanga del Sur,56
1066,Guipos,Zamboanga del Sur,56
1062,Josefina,Zamboanga del Sur,56
1046,Kumalarang,Zamboanga del Sur,56
1047,Labangan,Zamboanga del Sur,56
1061,Lakewood,Zamboanga del Sur,56
1048,Lapuyan,Zamboanga del Sur,56
1049,Mahayag,Zamboanga del Sur,56
1050,Margosatubig,Zamboanga del Sur,56
1051,Midsalip,Zamboanga del Sur,56
1052,Molave,Zamboanga del Sur,56
1053,Pagadian City,Zamboanga del Sur,56
1063,Pitogo,Zamboanga del Sur,56
1054,Ramon Magsaysay (Liargo),Zamboanga del Sur,56
1055,San Miguel,Zamboanga del Sur,56
1056,San Pablo,Zamboanga del Sur,56
1064,Sominot (Don Mariano Marcos),Zamboanga del Sur,56
1057,Tabina,Zamboanga del Sur,56
1058,Tambulig,Zamboanga del Sur,56
1067,Tigbao,Zamboanga del Sur,56
1059,Tukuran,Zamboanga del Sur,56
1065,Vincenzo A. Sagun,Zamboanga del Sur,56
1068,Alicia,Zamboanga Sibugay,57
1069,Buug,Zamboanga Sibugay,57
1070,Diplahan,Zamboanga Sibugay,57
1071,Imelda,Zamboanga Sibugay,57
1072,Ipil,Zamboanga Sibugay,57
1073,Kabasalan,Zamboanga Sibugay,57
1074,Mabuhay,Zamboanga Sibugay,57
1075,Malangas,Zamboanga Sibugay,57
1076,Naga,Zamboanga Sibugay,57
1077,Olutanga,Zamboanga Sibugay,57
1078,Payao,Zamboanga Sibugay,57
1079,Roseller Lim,Zamboanga Sibugay,57
1080,Siay,Zamboanga Sibugay,57
1081,Talusan,Zamboanga Sibugay,57
1082,Titay,Zamboanga Sibugay,57
1083,Tungawan,Zamboanga Sibugay,57
1060,Zamboanga City,Zamboanga City,58
1085,Baungon,Bukidnon,59
1106,Cabanglasan,Bukidnon,59
1086,Damulog,Bukidnon,59
1087,Dangcagan,Bukidnon,59
1088,Don Carlos,Bukidnon,59
1089,Impasug-Ong,Bukidnon,59
1090,Kadingilan,Bukidnon,59
1091,Kalilangan,Bukidnon,59
1092,Kibawe,Bukidnon,59
1093,Kitaotao,Bukidnon,59
1094,Lantapan,Bukidnon,59
1095,Libona,Bukidnon,59
1096,Malaybalay City,Bukidnon,59
1097,Malitbog,Bukidnon,59
1098,Manolo Fortich,Bukidnon,59
1099,Maramag,Bukidnon,59
1100,Pangantucan,Bukidnon,59
1101,Quezon,Bukidnon,59
1102,San Fernando,Bukidnon,59
1103,Sumilao,Bukidnon,59
1104,Talakag,Bukidnon,59
1105,Valencia City,Bukidnon,59
1107,Catarman,Camiguin,60
1108,Guinsiliban,Camiguin,60
1109,Mahinog,Camiguin,60
1110,Mambajao,Camiguin,60
1111,Sagay,Camiguin,60
1112,Bacolod,Lanao del Norte,61
1113,Baloi,Lanao del Norte,61
1114,Baroy,Lanao del Norte,61
1115,Iligan City,Lanao del Norte,61
1116,Kapatagan,Lanao del Norte,61
1118,Kauswagan,Lanao del Norte,61
1119,Kolambugan,Lanao del Norte,61
1120,Lala,Lanao del Norte,61
1121,Linamon,Lanao del Norte,61
1122,Magsaysay,Lanao del Norte,61
1123,Maigo,Lanao del Norte,61
1124,Matungao,Lanao del Norte,61
1125,Munai,Lanao del Norte,61
1126,Nunungan,Lanao del Norte,61
1127,Pantao Ragat,Lanao del Norte,61
1134,Pantar,Lanao del Norte,61
1128,Poona Piagapo,Lanao del Norte,61
1129,Salvador,Lanao del Norte,61
1130,Sapad,Lanao del Norte,61
1117,Sultan Naga Dimaporo,Lanao del Norte,61
1131,Tagoloan,Lanao del Norte,61
1132,Tangcal,Lanao del Norte,61
1133,Tubod,Lanao del Norte,61
1135,Aloran,Misamis Occidental,62
1136,Baliangao,Misamis Occidental,62
1137,Bonifacio,Misamis Occidental,62
1138,Calamba,Misamis Occidental,62
1139,Clarin,Misamis Occidental,62
1140,Concepcion,Misamis Occidental,62
1151,Don Victoriano Chiongbian,Misamis Occidental,62
1141,Jimenez,Misamis Occidental,62
1142,Lopez Jaena,Misamis Occidental,62
1143,Oroquieta City,Misamis Occidental,62
1144,Ozamis City,Misamis Occidental,62
1145,Panaon,Misamis Occidental,62
1146,Plaridel,Misamis Occidental,62
1147,Sapang Dalaga,Misamis Occidental,62
1148,Sinacaban,Misamis Occidental,62
1149,Tangub City,Misamis Occidental,62
1150,Tudela,Misamis Occidental,62
1152,Alubijid,Misamis Oriental,63
1153,Balingasag,Misamis Oriental,63
1154,Balingoan,Misamis Oriental,63
1155,Binuangan,Misamis Oriental,63
1156,Cagayan de Oro City,Misamis Oriental,63
1157,Claveria,Misamis Oriental,63
1158,El Salvador City,Misamis Oriental,63
1159,Gingoog City,Misamis Oriental,63
1160,Gitagum,Misamis Oriental,63
1161,Initao,Misamis Oriental,63
1162,Jasaan,Misamis Oriental,63
1163,Kinoguitan,Misamis Oriental,63
1164,Lagonglong,Misamis Oriental,63
1165,Laguindingan,Misamis Oriental,63
1166,Libertad,Misamis Oriental,63
1167,Lugait,Misamis Oriental,63
1168,Magsaysay (Linugos),Misamis Oriental,63
1169,Manticao,Misamis Oriental,63
1170,Medina,Misamis Oriental,63
1171,Naawan,Misamis Oriental,63
1172,Opol,Misamis Oriental,63
1173,Salay,Misamis Oriental,63
1174,Sugbongcogon,Misamis Oriental,63
1175,Tagoloan,Misamis Oriental,63
1176,Talisayan,Misamis Oriental,63
1177,Villanueva,Misamis Oriental,63
1178,Asuncion,Davao del Norte,64
1187,Braulio E. Dujali,Davao del Norte,64
1179,Carmen,Davao del Norte,64
1180,Kapalong,Davao del Norte,64
1181,New Corella,Davao del Norte,64
1182,Panabo City,Davao del Norte,64
1183,Samal City,Davao del Norte,64
1188,San Isidro,Davao del Norte,64
1184,Santo Tomas,Davao del Norte,64
1185,Tagum City,Davao del Norte,64
1186,Talaingod,Davao del Norte,64
1189,Bansalan,Davao del Sur,65
1191,Digos City,Davao del Sur,65
1192,Hagonoy,Davao del Sur,65
1194,Kiblawan,Davao del Sur,65
1195,Magsaysay,Davao del Sur,65
1196,Malalag,Davao del Sur,65
1198,Matanao,Davao del Sur,65
1199,Padada,Davao del Sur,65
1200,Santa Cruz,Davao del Sur,65
1202,Sulop,Davao del Sur,65
1205,Baganga,Davao Oriental,66
1206,Banaybanay,Davao Oriental,66
1207,Boston,Davao Oriental,66
1208,Caraga,Davao Oriental,66
1209,Cateel,Davao Oriental,66
1210,Governor Generoso,Davao Oriental,66
1211,Lupon,Davao Oriental,66
1212,Manay,Davao Oriental,66
1213,Mati City,Davao Oriental,66
1214,San Isidro,Davao Oriental,66
1215,Tarragona,Davao Oriental,66
1216,Compostela,Compostela Valley,67
1217,Laak,Compostela Valley,67
1218,Mabini,Compostela Valley,67
1219,Maco,Compostela Valley,67
1220,Maragusan,Compostela Valley,67
1221,Mawab,Compostela Valley,67
1222,Monkayo,Compostela Valley,67
1223,Montevista,Compostela Valley,67
1224,Nabunturan,Compostela Valley,67
1225,New Bataan,Compostela Valley,67
1226,Pantukan,Compostela Valley,67
1190,Davao City,Davao City,68
1227,Alamada,North Cotabato,69
1243,Aleosan,North Cotabato,69
1241,Antipas,North Cotabato,69
1244,Arakan,North Cotabato,69
1242,Banisilan,North Cotabato,69
1228,Carmen,North Cotabato,69
1276,Cotabato City,North Cotabato,69
1229,Kabacan,North Cotabato,69
1230,Kidapawan City,North Cotabato,69
1231,Libungan,North Cotabato,69
1232,Magpet,North Cotabato,69
1233,Makilala,North Cotabato,69
1234,Matalam,North Cotabato,69
1235,Midsayap,North Cotabato,69
1236,M'Lang,North Cotabato,69
1237,Pigkawayan,North Cotabato,69
1238,Pikit,North Cotabato,69
1239,President Roxas,North Cotabato,69
1240,Tulunan,North Cotabato,69
1269,Alabel,Sarangani,70
1270,Glan,Sarangani,70
1271,Kiamba,Sarangani,70
1272,Maasim,Sarangani,70
1273,Maitum,Sarangani,70
1274,Malapatan,Sarangani,70
1275,Malungon,Sarangani,70
1245,Banga,South Cotabato,71
1246,General Santos City (Dadiangas),South Cotabato,71
1247,Koronadal City,South Cotabato,71
1256,Lake Sebu,South Cotabato,71
1248,Norala,South Cotabato,71
1249,Polomolok,South Cotabato,71
1255,Santo Nino,South Cotabato,71
1250,Surallah,South Cotabato,71
1251,Tampakan,South Cotabato,71
1252,Tantangan,South Cotabato,71
1253,T'Boli,South Cotabato,71
1254,Tupi,South Cotabato,71
1257,Bagumbayan,Sultan Kudarat,72
1258,Columbio,Sultan Kudarat,72
1259,Esperanza,Sultan Kudarat,72
1260,Isulan,Sultan Kudarat,72
1261,Kalamansig,Sultan Kudarat,72
1264,Lambayong (Mariano Marcos),Sultan Kudarat,72
1262,Lebak,Sultan Kudarat,72
1263,Lutayan,Sultan Kudarat,72
1265,Palimbang,Sultan Kudarat,72
1266,President Quirino,Sultan Kudarat,72
1268,Sen. Ninoy Aquino,Sultan Kudarat,72
1267,Tacurong City,Sultan Kudarat,72
1489,Buenavista,Agusan del Norte,73
1490,Butuan City,Agusan del Norte,73
1491,Cabadbaran City,Agusan del Norte,73
1492,Carmen,Agusan del Norte,73
1493,Jabonga,Agusan del Norte,73
1494,Kitcharao,Agusan del Norte,73
1495,Las Nieves,Agusan del Norte,73
1496,Magallanes,Agusan del Norte,73
1497,Nasipit,Agusan del Norte,73
1498,Remedios T. Romualdez,Agusan del Norte,73
1499,Santiago,Agusan del Norte,73
1500,Tubay,Agusan del Norte,73
1501,Bayugan City,Agusan del Sur,74
1502,Bunawan,Agusan del Sur,74
1503,Esperanza,Agusan del Sur,74
1504,La Paz,Agusan del Sur,74
1505,Loreto,Agusan del Sur,74
1506,Prosperidad,Agusan del Sur,74
1507,Rosario,Agusan del Sur,74
1508,San Francisco,Agusan del Sur,74
1509,San Luis,Agusan del Sur,74
1510,Santa Josefa,Agusan del Sur,74
1514,Sibagat,Agusan del Sur,74
1511,Talacogon,Agusan del Sur,74
1512,Trento,Agusan del Sur,74
1513,Veruela,Agusan del Sur,74
1555,Basilisa,Dinagat Islands,75
1556,Cagdianao,Dinagat Islands,75
1557,Dinagat,Dinagat Islands,75
1558,Libjo,Dinagat Islands,75
1559,Loreto,Dinagat Islands,75
1560,San Jose,Dinagat Islands,75
1561,Tubajon,Dinagat Islands,75
1515,Alegria,Surigao del Norte,76
1516,Bacuag,Surigao del Norte,76
1517,Burgos,Surigao del Norte,76
1518,Claver,Surigao del Norte,76
1519,Dapa,Surigao del Norte,76
1520,Del Carmen,Surigao del Norte,76
1521,General Luna,Surigao del Norte,76
1522,Gigaquit,Surigao del Norte,76
1523,Mainit,Surigao del Norte,76
1524,Malimono,Surigao del Norte,76
1525,Pilar,Surigao del Norte,76
1526,Placer,Surigao del Norte,76
1527,San Benito,Surigao del Norte,76
1528,San Francisco (Anao-aon),Surigao del Norte,76
1529,San Isidro,Surigao del Norte,76
1530,Santa Monica (Sapao),Surigao del Norte,76
1531,Sison,Surigao del Norte,76
1532,Socorro,Surigao del Norte,76
1533,Surigao City,Surigao del Norte,76
1534,Tagana-An,Surigao del Norte,76
1535,Tubod,Surigao del Norte,76
1536,Barobo,Surigao del Sur,77
1537,Bayabas,Surigao del Sur,77
1538,Bislig City,Surigao del Sur,77
1539,Cagwait,Surigao del Sur,77
1540,Cantilan,Surigao del Sur,77
1541,Carmen,Surigao del Sur,77
1542,Carrascal,Surigao del Sur,77
1543,Cortes,Surigao del Sur,77
1544,Hinatuan,Surigao del Sur,77
1545,Lanuza,Surigao del Sur,77
1546,Lianga,Surigao del Sur,77
1547,Lingig,Surigao del Sur,77
1548,Madrid,Surigao del Sur,77
1549,Marihatag,Surigao del Sur,77
1550,San Agustin,Surigao del Sur,77
1551,San Miguel,Surigao del Sur,77
1552,Tagbina,Surigao del Sur,77
1553,Tago,Surigao del Sur,77
1554,Tandag City,Surigao del Sur,77
1377,Akbar,Basilan,78
1378,Al-Barka,Basilan,78
1379,Hadji Mohammad Ajul,Basilan,78
1381,Hadji Muhtamad,Basilan,78
1084,Isabela City,Basilan,78
1371,Lamitan City,Basilan,78
1372,Lantawan,Basilan,78
1373,Maluso,Basilan,78
1374,Sumisip,Basilan,78
1382,Tabuan-Lasa,Basilan,78
1375,Tipo-Tipo,Basilan,78
1376,Tuburan,Basilan,78
1380,Ungkaya Pukan,Basilan,78
1383,Bacolod Kalawi,Lanao del Sur,79
1384,Balabagan,Lanao del Sur,79
1385,Balindong,Lanao del Sur,79
1386,Bayang,Lanao del Sur,79
1387,Binidayan,Lanao del Sur,79
1414,Buadiposo-Buntong,Lanao del Sur,79
1388,Bubong,Lanao del Sur,79
1418,Bumbaran,Lanao del Sur,79
1389,Butig,Lanao del Sur,79
1413,Calanogas,Lanao del Sur,79
1405,Ditsaan-Ramain,Lanao del Sur,79
1390,Ganassi,Lanao del Sur,79
1391,Kapai,Lanao del Sur,79
1420,Kapatagan,Lanao del Sur,79
1392,Lumba-Bayabao,Lanao del Sur,79
1422,Lumbaca Unayan,Lanao del Sur,79
1393,Lumbatan,Lanao del Sur,79
1417,Lumbayanague,Lanao del Sur,79
1394,Madalum,Lanao del Sur,79
1395,Madamba,Lanao del Sur,79
1415,Maguing,Lanao del Sur,79
1396,Malabang,Lanao del Sur,79
1397,Marantao,Lanao del Sur,79
1398,Marawi City,Lanao del Sur,79
1412,Marogong,Lanao del Sur,79
1399,Masiu,Lanao del Sur,79
1400,Mulondo,Lanao del Sur,79
1401,Pagayawan,Lanao del Sur,79
1402,Piagapo,Lanao del Sur,79
1416,Picong,Lanao del Sur,79
1403,Poona Bayabao,Lanao del Sur,79
1404,Pualas,Lanao del Sur,79
1406,Saguiaran,Lanao del Sur,79
1421,Sultan Dumalondong,Lanao del Sur,79
1419,Tagoloan II,Lanao del Sur,79
1407,Tamparan,Lanao del Sur,79
1408,Taraka,Lanao del Sur,79
1409,Tubaran,Lanao del Sur,79
1410,Tugaya,Lanao del Sur,79
1411,Wao,Lanao del Sur,79
1423,Ampatuan,Maguindanao,80
1439,Barira,Maguindanao,80
1424,Buldon,Maguindanao,80
1425,Buluan,Maguindanao,80
1449,Datu Abdullah Sangki,Maguindanao,80
1452,"Datu Anggal Midtimbang
",Maguindanao,80
1451,Datu Blah T. Sinsuat,Maguindanao,80
1456,Datu Hoffer Ampatuan,Maguindanao,80
1428,Datu Odin Sinsuat,Maguindanao,80
1426,Datu Paglas,Maguindanao,80
1427,Datu Piang,Maguindanao,80
1457,"Datu Salibo
",Maguindanao,80
1447,Datu Saudi-Ampatuan,Maguindanao,80
1448,Datu Unsay,Maguindanao,80
1440,Gen. S. K. Pendatun,Maguindanao,80
1446,Guindulungan,Maguindanao,80
1435,Kabuntalan,Maguindanao,80
1441,Mamasapano,Maguindanao,80
1453,Mangudadatu,Maguindanao,80
1430,Matanog,Maguindanao,80
1455,Northern Kabuntalan,Maguindanao,80
1443,Pagagawan,Maguindanao,80
1431,Pagalungan,Maguindanao,80
1444,Paglat,Maguindanao,80
1454,Pandag,Maguindanao,80
1432,Parang,Maguindanao,80
1450,Rajah Buayan,Maguindanao,80
1429,Shariff Aguak (Maganoy),Maguindanao,80
1458,Shariff Saydona Mustapha,Maguindanao,80
1438,South Upi,Maguindanao,80
1433,Sultan Kudarat (Nuling),Maguindanao,80
1445,Sultan Mastura,Maguindanao,80
1434,Sultan Sa Barongis (Lambayong),Maguindanao,80
1437,Talayan,Maguindanao,80
1442,Talitay,Maguindanao,80
1436,Upi,Maguindanao,80
1464,Hadji Panglima Tahil (Marunggas),Sulu,81
1459,Indanan,Sulu,81
1460,Jolo,Sulu,81
1461,Kalingalan Caluang,Sulu,81
1475,Lugus,Sulu,81
1462,Luuk,Sulu,81
1463,Maimbung,Sulu,81
1465,Old Panamao,Sulu,81
1477,Omar,Sulu,81
1476,Pandami,Sulu,81
1474,Panglima Estino (New Panamao),Sulu,81
1466,Pangutaran,Sulu,81
1467,Parang,Sulu,81
1468,Pata,Sulu,81
1469,Patikul,Sulu,81
1470,Siasi,Sulu,81
1471,Talipao,Sulu,81
1472,Tapul,Sulu,81
1473,Tongkil,Sulu,81
1479,Bongao,Tawi-tawi,82
1486,Languyan,Tawi-tawi,82
1480,Mapun (Cagayan de Tawi-Tawi),Tawi-tawi,82
1478,Panglima Sugala (Balimbing),Tawi-tawi,82
1487,Sapa-Sapa,Tawi-tawi,82
1488,Sibutu,Tawi-tawi,82
1481,Simunul,Tawi-tawi,82
1482,Sitangkai,Tawi-tawi,82
1483,South Ubian,Tawi-tawi,82
1484,Tandubas,Tawi-tawi,82
1485,Turtle Islands,Tawi-tawi,82
1283,Kalookan City,Metro Manila,83
1287,Las Pińas,Metro Manila,83
1288,Makati City,Metro Manila,83
1284,Malabon,Metro Manila,83
1278,Mandaluyong,Metro Manila,83
1277,Manila,Metro Manila,83
1279,Marikina,Metro Manila,83
1289,Muntinlupa,Metro Manila,83
1285,Navotas,Metro Manila,83
1290,Parańaque,Metro Manila,83
1291,Pasay City,Metro Manila,83
1280,Pasig City,Metro Manila,83
1292,Pateros,Metro Manila,83
1281,Quezon City,Metro Manila,83
1282,San Juan,Metro Manila,83
1293,Taguig,Metro Manila,83
1286,Valenzuela,Metro Manila,83
1204,Don Marcelino,Davao Occidental,84
1193,Jose Abad Santos,Davao Occidental,84
1197,Malita,Davao Occidental,84
1201,Santa Maria,Davao Occidental,84
1203,Sarangani,Davao Occidental,84
100004,"Agusan
",PhilRice,1000
100002,Batac,PhilRice,1000
100010,Bicol,PhilRice,1000
100001,Central Experiment Station,PhilRice,1000
100005,"Field Office
",PhilRice,1000
100007,"Isabela
",PhilRice,1000
100008,Los Bańos,PhilRice,1000
100009,Midsayap,PhilRice,1000
100003,Negros,PhilRice,1000
100011,"Samar Satellite Station
",PhilRice,1000
100006,"Occidental Mindoro
",PhilRice,1000
100012,"Zamboanga Satellite Station
",PhilRice,1000
